bp,bm,cp,cm
0,0,0,0
0,0,10,10
0,0,21,21
0,0,33,33
0,0,44,44
0,0,56,56
0,0,67,68
0,0,79,79
0,0,91,90
0,0,102,102
0,0,114,114
0,0,125,125
0,0,136,136
0,0,148,148
0,0,160,160
0,0,172,172
0,0,184,184
0,0,195,195
0,0,206,206
0,0,218,218
0,0,229,229
0,0,240,240
0,0,251,252
0,0,263,263
0,0,274,274
0,0,286,286
0,0,296,297
0,0,308,308
0,0,319,319
0,0,330,330
0,0,342,342
0,0,353,353
0,0,364,364
0,0,375,375
0,0,386,386
0,0,397,397
0,0,408,408
0,0,420,419
0,0,431,430
0,0,441,441
0,0,453,453
0,0,464,464
0,0,475,476
0,0,487,487
0,0,498,498
0,0,509,510
0,0,520,520
0,0,530,531
0,0,540,540
0,0,552,552
0,0,563,563
0,0,574,574
0,0,585,585
0,0,596,596
0,0,607,606
0,0,618,618
0,0,629,629
0,0,640,640
0,0,650,650
0,0,662,662
0,0,673,673
0,0,684,684
0,0,695,695
0,0,706,706
0,0,717,717
0,0,728,728
0,0,739,739
0,0,750,750
0,0,761,760
0,0,772,772
0,0,782,782
0,0,794,793
0,0,804,805
0,0,815,815
0,0,826,827
0,0,837,837
0,0,848,848
0,0,859,859
0,0,869,869
0,0,880,880
0,0,891,891
0,0,901,901
0,0,911,911
0,0,922,922
0,0,933,933
0,0,944,944
0,0,954,955
0,0,966,966
0,0,978,977
0,0,988,988
0,0,998,998
0,0,1008,1009
0,0,1019,1019
0,0,1030,1031
0,0,1042,1042
0,0,1053,1053
0,0,1064,1064
0,0,1074,1074
0,0,1086,1085
0,0,1096,1096
0,0,1106,1106
0,0,1117,1117
0,0,1128,1128
0,0,1139,1139
0,0,1149,1149
0,0,1160,1161
0,0,1171,1172
0,0,1182,1183
0,0,1193,1193
0,0,1204,1204
0,0,1215,1215
0,0,1225,1225
0,0,1235,1236
0,0,1247,1246
0,0,1258,1258
0,0,1269,1268
0,0,1279,1279
0,0,1291,1291
0,0,1301,1301
0,0,1312,1312
0,0,1323,1323
0,0,1335,1335
0,0,1345,1345
0,0,1356,1356
0,0,1367,1367
0,0,1377,1378
0,0,1387,1388
0,0,1400,1400
0,0,1410,1411
0,0,1422,1422
0,0,1431,1431
0,0,1442,1442
0,0,1453,1453
0,0,1463,1463
0,0,1474,1474
0,0,1484,1484
0,0,1495,1495
0,0,1505,1505
0,0,1516,1516
0,0,1528,1528
0,0,1538,1538
0,0,1549,1548
0,0,1560,1560
0,0,1571,1571
0,0,1582,1582
0,0,1593,1593
0,0,1604,1604
0,0,1615,1615
0,0,1627,1626
0,0,1637,1637
0,0,1647,1648
0,0,1658,1658
0,0,1668,1668
0,0,1679,1680
0,0,1691,1691
0,0,1701,1701
0,0,1712,1712
0,0,1722,1721
0,0,1732,1731
0,0,1743,1743
0,0,1753,1753
0,0,1763,1764
0,0,1774,1774
0,0,1785,1785
0,0,1796,1796
0,0,1806,1806
0,0,1816,1816
0,0,1826,1825
0,0,1836,1835
0,0,1847,1846
0,0,1857,1857
0,0,1869,1868
0,0,1879,1879
0,0,1891,1890
0,0,1901,1901
0,0,1911,1911
0,0,1921,1921
0,0,1932,1932
0,0,1943,1943
0,0,1954,1954
0,0,1964,1964
0,0,1975,1974
0,0,1986,1986
0,0,1996,1995
0,0,2006,2006
0,0,2016,2016
0,0,2027,2026
0,0,2037,2037
0,0,2047,2047
0,0,2058,2058
0,0,2068,2069
0,0,2078,2078
0,0,2089,2089
0,0,2099,2100
0,0,2110,2109
0,0,2121,2121
0,0,2131,2131
0,0,2140,2140
0,0,2151,2152
0,0,2161,2162
0,0,2173,2172
0,0,2183,2182
0,0,2193,2193
0,0,2203,2203
0,0,2213,2213
0,0,2224,2223
0,0,2234,2234
0,0,2245,2245
0,0,2255,2255
0,0,2265,2266
0,0,2275,2276
0,0,2287,2287
0,0,2298,2298
0,0,2309,2310
0,0,2319,2319
0,0,2330,2330
0,0,2341,2341
0,0,2351,2351
0,0,2362,2362
0,0,2373,2373
0,0,2384,2383
0,0,2394,2394
0,0,2405,2404
0,0,2415,2415
0,0,2425,2425
0,0,2435,2435
0,0,2445,2445
0,0,2455,2456
0,0,2466,2466
0,0,2476,2477
0,0,2488,2487
0,0,2498,2498
0,0,2509,2509
0,0,2517,2518
0,0,2529,2529
0,0,2538,2539
0,0,2550,2549
0,0,2559,2560
0,0,2570,2570
0,0,2581,2580
0,0,2591,2591
0,0,2602,2602
0,0,2611,2611
0,0,2621,2621
0,0,2631,2631
0,0,2641,2641
0,0,2652,2651
0,0,2662,2662
0,0,2673,2672
0,0,2683,2683
0,0,2692,2692
0,0,2702,2703
0,0,2712,2712
0,0,2722,2722
0,0,2733,2732
223,223,0,0
223,223,10,10
223,223,21,21
223,223,33,33
223,223,44,44
223,223,56,56
223,223,67,67
223,223,79,79
223,223,90,90
223,223,102,102
223,223,114,114
223,223,125,125
223,223,136,136
223,223,148,148
223,223,160,160
223,223,171,172
223,223,184,183
223,223,195,195
223,223,206,206
223,223,218,218
223,223,230,230
223,223,240,240
223,223,251,252
223,223,263,263
223,223,274,273
223,223,286,286
223,223,296,296
223,223,308,307
223,223,319,319
223,223,330,330
223,223,342,342
223,223,353,353
223,223,364,364
223,223,375,375
223,223,386,386
223,223,397,397
223,223,408,408
223,223,419,419
223,223,431,431
223,223,442,442
223,223,453,453
222,223,464,464
223,223,475,475
223,223,487,487
223,223,498,498
223,223,509,509
223,223,519,519
223,223,531,530
223,223,540,541
223,223,552,552
223,223,563,562
223,223,574,574
223,223,585,585
223,223,596,596
223,223,607,607
223,223,618,618
223,223,629,629
223,223,640,640
223,223,651,651
223,223,662,662
223,223,673,673
223,223,684,684
223,223,695,695
223,223,706,706
223,223,717,716
223,223,728,728
223,223,739,739
222,223,750,750
223,223,761,761
223,223,772,771
223,223,782,782
223,223,793,794
223,223,805,805
223,223,816,815
223,223,827,827
223,223,837,838
223,223,848,848
223,223,859,859
223,223,869,869
223,223,881,880
223,223,891,891
222,223,902,901
223,223,911,912
223,223,922,922
223,223,933,933
223,223,944,944
223,223,955,955
223,223,966,966
223,223,977,977
223,223,988,988
223,223,999,999
223,223,1009,1009
223,223,1019,1019
223,223,1030,1030
223,223,1041,1042
223,223,1053,1052
223,223,1063,1064
223,223,1074,1074
223,223,1085,1085
223,223,1096,1096
223,223,1107,1107
223,223,1117,1117
223,223,1128,1128
223,223,1138,1138
223,223,1149,1149
223,223,1161,1161
223,223,1172,1172
222,223,1183,1183
223,223,1193,1193
223,223,1205,1205
223,223,1214,1215
223,223,1225,1225
223,223,1236,1236
223,223,1247,1247
223,223,1258,1258
223,223,1268,1268
223,223,1279,1279
223,223,1291,1290
223,222,1301,1301
223,223,1312,1312
223,223,1323,1323
223,223,1335,1335
223,223,1345,1345
223,223,1356,1356
223,223,1367,1367
223,223,1377,1378
223,223,1388,1388
223,223,1400,1400
223,223,1410,1411
223,223,1421,1421
223,223,1431,1431
223,223,1442,1442
223,223,1453,1453
223,223,1463,1463
223,223,1473,1474
223,223,1485,1484
223,223,1495,1495
223,223,1505,1506
223,223,1517,1516
223,223,1528,1528
223,223,1538,1539
223,223,1549,1549
223,223,1560,1560
223,223,1572,1571
223,223,1582,1583
223,223,1593,1593
223,223,1604,1604
223,223,1615,1615
223,223,1627,1627
223,223,1637,1637
223,223,1648,1648
223,223,1658,1658
223,223,1669,1668
223,223,1680,1680
223,223,1691,1691
223,223,1701,1701
223,223,1713,1712
223,223,1722,1722
223,223,1732,1732
223,223,1743,1743
223,223,1754,1754
223,223,1764,1764
223,223,1774,1775
223,222,1785,1785
223,223,1796,1796
223,223,1806,1805
223,223,1816,1816
223,223,1826,1825
223,223,1836,1836
223,223,1847,1846
223,223,1857,1857
223,223,1869,1868
223,223,1879,1879
223,223,1890,1890
223,223,1901,1901
223,223,1911,1911
223,223,1921,1921
223,223,1932,1932
223,223,1943,1943
222,223,1954,1954
223,223,1965,1965
223,223,1975,1975
223,223,1985,1986
223,223,1996,1996
223,223,2006,2006
223,223,2016,2016
223,223,2027,2027
223,223,2037,2037
223,223,2047,2047
222,223,2059,2058
223,223,2069,2068
223,223,2079,2079
223,223,2089,2089
223,223,2099,2100
223,223,2110,2110
223,223,2120,2121
223,223,2131,2131
223,223,2141,2141
223,223,2151,2152
223,223,2161,2161
223,223,2172,2172
222,223,2183,2183
223,223,2193,2193
223,223,2203,2203
223,223,2213,2213
223,223,2224,2224
223,223,2234,2234
223,223,2245,2245
223,223,2255,2255
223,223,2266,2265
223,223,2276,2276
223,223,2287,2286
223,223,2298,2297
223,223,2309,2309
223,223,2319,2320
223,223,2330,2330
223,223,2341,2341
223,223,2351,2352
223,223,2362,2362
223,223,2372,2372
223,223,2384,2384
223,223,2394,2394
223,223,2405,2404
222,223,2415,2415
223,223,2425,2425
223,223,2435,2435
223,223,2446,2445
223,223,2456,2456
223,223,2466,2466
223,223,2477,2477
223,223,2488,2488
223,223,2499,2499
223,223,2509,2508
223,223,2518,2518
223,223,2529,2529
223,223,2539,2539
223,223,2549,2549
222,223,2560,2560
223,223,2570,2571
223,223,2581,2581
223,223,2591,2591
223,223,2601,2601
223,222,2611,2612
223,223,2621,2621
223,223,2631,2631
223,223,2641,2641
223,223,2651,2651
223,223,2663,2663
223,223,2673,2673
223,223,2683,2683
223,223,2692,2692
223,223,2701,2702
223,223,2712,2713
223,223,2722,2723
223,223,2733,2732
447,371,0,0
447,377,10,9
447,382,21,20
447,387,33,31
447,392,44,41
446,396,55,52
447,400,67,62
447,403,78,73
446,407,89,83
447,410,101,94
447,413,112,105
447,416,123,114
447,419,134,124
447,422,146,136
447,424,158,146
447,427,170,157
447,429,181,168
447,431,193,179
447,432,204,189
447,433,216,200
447,435,227,211
446,435,238,221
447,435,249,232
447,436,260,243
447,436,271,255
447,436,283,266
447,436,294,277
447,436,305,288
447,436,316,299
447,436,327,311
447,436,339,322
447,437,350,334
447,437,361,344
447,436,372,355
446,436,383,367
447,436,394,378
447,436,405,389
447,436,416,400
447,437,428,411
446,437,439,422
447,437,450,433
447,437,461,445
447,436,473,456
446,436,484,467
446,436,495,479
446,436,506,490
447,437,517,500
446,436,527,511
447,437,538,521
446,437,549,532
446,437,560,543
447,437,571,554
447,436,582,565
447,437,593,576
447,437,604,587
446,437,615,598
447,436,626,609
447,436,637,620
447,436,648,631
447,437,659,642
447,436,671,654
447,436,682,665
447,436,692,675
446,437,703,686
447,436,714,697
447,436,725,709
447,437,736,720
446,437,747,731
447,436,758,741
447,436,768,752
447,436,779,762
447,437,791,774
447,437,802,785
447,437,812,796
447,436,824,807
447,436,835,818
446,436,845,828
447,436,856,839
447,436,866,849
447,437,878,861
447,436,888,872
447,436,898,882
447,436,908,892
447,437,919,902
447,437,931,914
447,437,941,925
447,436,951,935
447,437,963,946
447,436,974,958
446,436,985,968
447,436,996,979
447,436,1006,989
447,436,1016,1000
446,436,1028,1011
447,436,1039,1022
447,436,1050,1033
447,437,1060,1044
447,436,1072,1055
447,436,1083,1066
447,436,1093,1076
447,436,1103,1086
446,436,1114,1097
446,436,1125,1108
446,436,1136,1119
446,436,1146,1129
447,436,1157,1141
447,436,1169,1152
447,437,1180,1163
447,437,1190,1173
447,436,1201,1185
446,436,1212,1195
447,437,1223,1206
447,436,1233,1216
447,436,1244,1227
447,436,1255,1238
446,436,1265,1249
446,436,1277,1260
447,436,1288,1271
447,436,1298,1282
447,436,1309,1293
447,436,1320,1303
447,436,1332,1315
447,437,1342,1325
447,436,1353,1336
447,436,1364,1347
447,436,1375,1358
447,437,1384,1368
447,436,1397,1380
447,436,1408,1391
447,436,1419,1402
447,437,1428,1411
447,437,1439,1422
447,436,1450,1433
447,436,1460,1444
447,436,1470,1454
447,436,1482,1465
446,436,1492,1475
446,436,1502,1485
446,436,1514,1497
447,436,1525,1508
447,436,1535,1519
447,436,1546,1529
447,436,1557,1540
447,436,1568,1551
447,437,1579,1562
447,436,1589,1573
447,436,1601,1584
447,437,1612,1595
447,436,1624,1607
446,437,1634,1618
447,437,1644,1628
447,436,1655,1638
447,437,1665,1649
447,436,1677,1660
447,436,1688,1671
447,436,1698,1681
446,437,1709,1692
447,436,1719,1702
447,436,1729,1712
447,437,1740,1723
446,437,1750,1734
446,437,1761,1744
447,436,1771,1754
446,436,1782,1765
446,436,1793,1776
446,436,1803,1786
446,437,1813,1797
447,436,1822,1806
446,436,1833,1816
446,437,1844,1827
446,437,1854,1837
447,436,1865,1849
446,436,1876,1859
446,437,1888,1870
447,436,1898,1881
446,436,1908,1892
446,436,1918,1901
447,436,1929,1912
446,436,1940,1923
447,437,1951,1935
447,436,1961,1944
447,437,1972,1955
446,436,1983,1966
446,436,1992,1976
446,437,2003,1986
447,436,2013,1996
447,436,2024,2007
447,437,2034,2017
447,437,2044,2027
447,437,2055,2038
447,437,2065,2048
447,437,2075,2059
446,437,2086,2069
447,437,2096,2080
446,436,2106,2090
446,436,2117,2101
447,436,2128,2111
446,436,2138,2121
446,437,2148,2132
447,437,2159,2142
446,436,2169,2153
447,436,2179,2163
446,436,2190,2173
447,436,2200,2183
446,436,2210,2194
446,437,2221,2204
446,437,2231,2214
446,437,2241,2225
446,436,2252,2235
446,436,2262,2246
447,436,2273,2256
446,436,2284,2267
447,436,2295,2278
447,436,2306,2289
447,436,2316,2299
447,436,2327,2310
447,437,2338,2321
447,437,2348,2332
447,436,2359,2342
446,436,2369,2353
446,437,2380,2363
446,436,2391,2374
446,437,2401,2384
447,436,2412,2395
446,436,2422,2405
447,437,2432,2415
446,437,2442,2426
447,436,2453,2436
446,436,2463,2446
447,437,2474,2457
446,436,2484,2467
447,436,2496,2478
447,436,2505,2489
447,436,2515,2498
447,436,2526,2508
447,437,2536,2519
447,437,2546,2530
447,436,2557,2540
447,436,2567,2550
446,436,2577,2561
446,436,2588,2571
446,436,2598,2582
446,436,2609,2592
446,436,2618,2601
447,436,2628,2611
446,436,2638,2622
447,437,2648,2631
447,436,2660,2642
446,437,2670,2653
447,436,2680,2663
446,436,2690,2673
447,437,2699,2683
447,437,2709,2693
446,437,2719,2703
446,436,2729,2712
665,398,0,0
665,403,10,9
664,406,21,19
664,410,33,30
665,414,44,40
665,417,55,50
665,420,66,60
664,423,78,70
664,426,89,80
664,429,100,90
664,433,112,101
664,435,123,110
664,438,134,120
665,441,146,131
664,444,157,141
664,447,168,151
664,449,181,161
664,452,192,171
665,454,203,181
664,457,214,191
665,459,225,201
664,462,236,211
664,464,247,220
664,467,258,230
665,469,269,239
664,472,280,250
664,474,291,259
665,477,302,269
664,479,313,278
664,481,324,289
665,483,335,298
665,486,346,308
665,488,357,318
664,490,368,327
664,492,379,336
665,495,389,346
665,497,400,356
664,499,411,365
665,501,423,375
664,503,433,384
664,505,444,394
665,508,455,404
665,510,467,413
665,512,477,423
664,514,488,433
664,517,500,443
665,519,509,452
665,521,520,461
665,523,530,470
665,525,541,479
665,527,552,489
665,529,562,498
664,531,573,508
664,533,584,517
665,535,595,527
665,537,606,537
665,539,617,546
665,542,628,555
665,543,638,565
664,545,649,575
664,547,660,585
665,549,671,594
665,551,681,603
664,553,692,613
664,555,703,622
665,557,714,632
665,559,725,642
665,561,735,651
665,563,746,660
664,565,756,670
664,567,767,679
665,569,778,689
664,571,789,699
665,572,800,708
664,574,810,718
664,576,821,727
665,578,832,736
665,580,843,746
664,581,853,755
665,583,864,765
665,585,874,774
664,586,885,783
665,588,894,792
665,589,905,802
665,590,916,812
665,592,926,821
665,593,936,831
665,594,948,842
665,595,959,852
665,597,969,862
665,597,980,872
665,598,990,881
665,598,1000,892
665,598,1012,903
665,598,1023,914
665,598,1034,925
665,598,1045,936
665,599,1056,947
665,599,1067,958
665,599,1078,968
665,599,1088,979
665,598,1099,990
665,598,1110,1000
665,598,1120,1011
665,599,1130,1021
664,598,1142,1033
665,599,1153,1044
665,598,1164,1055
665,599,1175,1066
665,599,1186,1077
665,598,1196,1087
665,599,1207,1098
665,599,1217,1108
665,599,1228,1119
665,598,1239,1130
665,598,1250,1141
665,599,1261,1152
665,599,1272,1163
665,599,1283,1173
665,598,1294,1185
665,599,1304,1195
665,599,1316,1207
665,599,1327,1217
665,599,1337,1228
665,599,1349,1239
665,599,1359,1249
665,599,1370,1260
665,599,1381,1272
665,599,1392,1282
665,599,1403,1294
665,598,1413,1303
665,598,1423,1314
665,599,1435,1325
665,599,1445,1336
665,599,1455,1346
665,599,1466,1357
665,599,1476,1367
665,598,1487,1377
664,599,1498,1388
665,599,1509,1400
665,599,1519,1410
665,599,1530,1421
665,599,1542,1432
665,599,1552,1443
665,599,1564,1454
665,598,1574,1465
665,598,1585,1476
664,599,1596,1487
665,599,1608,1499
664,599,1618,1509
665,599,1629,1519
664,599,1640,1530
665,599,1650,1541
664,599,1661,1552
665,599,1672,1562
665,599,1683,1573
665,599,1693,1584
665,599,1703,1593
665,599,1713,1604
664,599,1724,1615
665,599,1735,1625
665,599,1745,1636
664,599,1755,1646
665,599,1766,1656
664,599,1777,1668
665,599,1787,1677
665,599,1797,1687
665,599,1807,1697
665,599,1817,1707
665,599,1828,1718
665,599,1838,1729
664,599,1850,1740
665,599,1860,1750
665,599,1872,1762
665,599,1882,1772
664,599,1892,1783
665,599,1902,1793
665,599,1913,1803
665,599,1924,1814
664,599,1936,1826
665,599,1945,1835
664,599,1956,1846
665,599,1967,1857
665,599,1977,1867
665,599,1987,1877
665,599,1997,1888
665,599,2008,1898
665,599,2018,1908
665,599,2028,1918
664,599,2039,1929
664,599,2050,1940
665,599,2060,1950
665,599,2070,1961
665,599,2081,1971
664,599,2091,1981
665,599,2102,1992
665,599,2112,2003
664,599,2121,2012
665,599,2133,2023
664,599,2143,2033
664,599,2154,2044
665,599,2164,2054
664,599,2174,2064
664,599,2185,2075
665,599,2195,2085
664,599,2205,2095
665,599,2215,2105
665,599,2226,2116
664,599,2236,2127
665,599,2247,2137
665,599,2257,2148
665,599,2268,2158
665,599,2279,2169
665,599,2290,2180
665,599,2301,2191
665,599,2312,2202
665,599,2322,2212
664,599,2333,2223
665,599,2343,2233
665,599,2353,2244
664,599,2365,2255
664,599,2376,2266
664,599,2385,2275
665,599,2396,2287
664,599,2406,2296
664,599,2416,2306
665,599,2427,2316
665,599,2437,2327
665,599,2447,2337
665,599,2457,2347
665,599,2468,2359
664,599,2480,2370
665,599,2490,2379
665,599,2499,2389
664,599,2510,2400
665,599,2520,2410
665,599,2530,2421
664,599,2541,2431
664,599,2551,2441
664,599,2561,2452
664,599,2572,2462
664,599,2583,2472
664,599,2593,2482
664,599,2602,2492
664,599,2612,2502
664,599,2623,2513
664,599,2633,2523
664,599,2643,2534
664,599,2654,2544
664,599,2664,2554
665,599,2673,2564
665,599,2684,2574
665,599,2694,2584
664,599,2704,2593
664,599,2714,2603
882,413,0,0
882,416,10,9
882,419,21,19
882,422,32,30
882,425,43,39
882,428,54,49
882,431,66,59
882,434,78,69
882,436,89,79
882,439,100,90
882,442,112,100
882,444,123,109
882,447,134,119
882,450,145,130
882,453,157,140
882,455,169,150
882,458,180,160
882,460,192,170
882,463,202,180
882,465,214,190
882,468,225,200
882,470,235,209
882,473,247,219
882,475,258,228
882,477,268,238
882,480,280,248
882,482,291,257
882,484,301,267
882,486,312,277
882,489,324,286
883,491,335,296
882,493,346,306
882,496,357,316
883,498,367,325
882,500,379,335
883,502,389,344
882,505,400,354
882,507,411,363
882,509,422,372
882,511,433,382
882,514,444,392
882,516,455,402
882,518,466,411
882,520,477,421
882,522,488,431
882,525,499,440
882,527,509,449
882,529,520,459
882,531,530,467
882,533,541,477
882,535,551,486
882,537,562,496
882,539,573,505
882,541,584,515
882,544,595,524
882,546,605,533
882,548,616,543
882,550,627,553
882,552,638,562
882,554,649,572
882,556,660,581
882,558,671,591
882,560,681,599
882,563,692,609
882,564,702,619
882,566,714,628
883,569,724,638
883,571,735,647
882,573,746,656
882,575,756,665
882,577,766,675
882,579,778,684
882,581,789,694
882,583,799,703
883,585,810,713
882,587,821,722
882,589,831,731
883,591,842,740
883,593,851,749
882,595,863,759
883,597,873,768
883,599,884,777
883,601,893,785
882,603,903,795
883,605,915,804
882,607,925,813
883,609,935,823
882,611,947,832
883,613,958,842
882,615,968,851
882,617,978,860
882,619,988,869
883,622,999,877
882,623,1010,888
882,625,1021,897
882,627,1032,907
882,629,1042,916
882,631,1052,925
882,634,1064,935
883,636,1074,944
882,637,1084,953
882,639,1095,962
882,641,1105,971
882,643,1116,980
882,645,1126,990
882,647,1137,999
883,649,1148,1009
882,651,1159,1018
882,654,1169,1027
883,656,1180,1037
882,657,1191,1046
882,659,1201,1055
883,661,1211,1063
883,663,1221,1073
882,665,1232,1082
882,667,1243,1092
883,669,1254,1101
882,671,1265,1110
882,673,1275,1120
883,675,1286,1129
883,677,1296,1138
882,679,1308,1149
882,681,1318,1157
882,683,1328,1167
882,685,1340,1176
882,687,1350,1185
882,689,1360,1194
883,691,1372,1204
883,693,1382,1214
882,695,1393,1223
883,697,1402,1231
882,698,1413,1241
882,700,1424,1250
882,702,1434,1259
882,704,1444,1268
882,706,1454,1277
882,708,1464,1286
883,710,1474,1295
883,712,1485,1305
883,714,1497,1315
883,716,1507,1324
883,717,1517,1333
882,719,1529,1343
883,721,1540,1352
882,723,1551,1362
882,725,1561,1371
882,727,1572,1381
883,728,1583,1390
882,730,1594,1400
882,732,1604,1409
883,734,1614,1418
883,736,1625,1427
883,737,1635,1437
883,739,1646,1446
883,741,1657,1456
882,742,1667,1465
883,743,1677,1475
882,745,1687,1484
883,746,1697,1493
883,747,1709,1503
883,749,1718,1512
882,750,1729,1522
882,751,1739,1531
882,752,1749,1541
882,752,1761,1552
882,753,1770,1561
882,754,1780,1570
882,754,1790,1580
883,755,1801,1590
883,755,1811,1600
882,755,1821,1610
882,755,1833,1622
882,756,1843,1632
883,755,1855,1644
883,755,1865,1654
883,756,1875,1664
882,756,1885,1673
883,755,1896,1685
882,756,1907,1695
883,756,1919,1707
883,756,1929,1717
883,756,1939,1728
883,756,1950,1738
883,756,1960,1749
883,756,1970,1759
882,756,1981,1769
882,756,1991,1779
883,756,2001,1789
882,756,2011,1799
883,756,2022,1811
883,756,2032,1821
882,756,2043,1831
882,756,2053,1842
882,756,2064,1852
883,756,2074,1862
883,756,2084,1873
882,756,2095,1883
882,756,2105,1893
882,756,2115,1904
882,756,2126,1914
882,756,2137,1925
883,756,2147,1935
882,756,2157,1945
882,756,2167,1956
882,757,2178,1966
882,756,2187,1976
882,756,2198,1986
882,756,2209,1998
882,756,2219,2007
882,756,2230,2018
882,756,2240,2028
882,756,2251,2039
882,756,2262,2050
882,756,2273,2061
883,757,2284,2071
883,757,2295,2082
882,756,2305,2093
882,756,2316,2104
882,756,2326,2114
883,757,2337,2124
882,756,2348,2136
883,757,2359,2147
882,757,2369,2156
883,756,2379,2167
882,756,2389,2177
882,757,2399,2187
882,756,2410,2198
883,757,2420,2208
882,756,2430,2218
882,756,2441,2229
882,757,2452,2240
883,757,2463,2251
882,756,2473,2260
882,756,2482,2270
883,757,2493,2281
883,756,2503,2291
883,756,2514,2301
882,757,2524,2312
882,757,2535,2322
883,757,2545,2332
883,757,2555,2343
883,757,2566,2353
882,757,2575,2364
882,757,2586,2373
882,757,2595,2382
882,757,2605,2393
882,757,2616,2403
882,757,2626,2414
882,757,2637,2424
883,757,2647,2435
882,756,2657,2444
882,757,2666,2454
883,757,2677,2464
883,757,2687,2474
882,757,2696,2484
1096,422,0,0
1096,425,10,9
1096,428,21,19
1097,431,33,30
1096,434,44,39
1097,436,55,49
1097,439,66,59
1097,442,78,70
1097,444,89,79
1096,447,100,89
1096,449,112,100
1096,452,123,109
1096,454,134,119
1096,457,145,129
1096,459,157,139
1096,462,168,149
1096,465,180,160
1096,467,192,170
1096,470,202,179
1096,472,214,189
1096,474,225,199
1096,476,236,208
1096,479,247,218
1096,481,258,228
1096,484,268,237
1097,486,280,248
1096,488,290,257
1097,491,302,266
1096,493,313,276
1096,495,324,286
1096,497,335,295
1096,499,346,305
1096,502,357,315
1096,504,367,324
1096,506,378,334
1096,509,389,343
1096,511,400,353
1096,513,411,362
1096,515,422,372
1097,517,433,381
1097,519,444,391
1096,522,455,400
1096,523,466,410
1096,526,477,420
1096,528,488,429
1096,530,499,439
1096,533,509,448
1096,534,520,457
1096,537,530,466
1096,538,541,476
1096,541,551,485
1097,543,562,495
1096,545,573,504
1097,547,583,514
1096,549,595,523
1096,551,605,532
1096,553,616,542
1096,555,627,551
1096,558,638,560
1096,560,649,570
1096,562,660,580
1096,564,670,589
1096,566,681,598
1096,568,691,608
1096,570,702,617
1096,572,713,627
1096,574,724,636
1096,577,735,646
1096,579,745,655
1096,580,756,664
1096,583,766,673
1096,585,778,683
1096,587,788,692
1096,589,799,701
1096,591,810,711
1096,593,820,720
1096,595,831,729
1096,597,841,739
1096,599,852,748
1096,601,863,757
1096,603,873,766
1096,605,883,775
1096,607,893,783
1096,609,903,793
1096,611,914,803
1096,613,925,812
1096,615,935,820
1096,618,946,830
1096,620,958,840
1097,622,968,849
1096,623,978,858
1097,625,988,867
1096,627,999,876
1097,629,1009,886
1097,632,1020,895
1097,634,1031,904
1096,636,1042,914
1096,638,1052,923
1097,640,1063,932
1097,642,1074,942
1097,643,1084,950
1096,646,1094,960
1097,648,1105,969
1096,650,1115,978
1096,652,1126,987
1096,654,1137,996
1096,656,1148,1006
1097,658,1158,1016
1097,660,1168,1024
1097,662,1180,1034
1097,664,1190,1043
1097,666,1201,1052
1097,668,1211,1061
1097,670,1221,1071
1096,673,1232,1080
1097,674,1243,1089
1097,676,1253,1099
1097,678,1265,1108
1097,681,1275,1117
1097,683,1285,1126
1097,685,1296,1136
1097,687,1307,1146
1096,689,1317,1155
1097,691,1328,1164
1097,693,1339,1173
1097,695,1349,1182
1097,697,1359,1191
1097,699,1371,1201
1097,701,1381,1210
1096,703,1392,1220
1097,705,1402,1228
1096,707,1412,1238
1096,709,1423,1247
1096,711,1434,1255
1097,713,1444,1264
1097,715,1454,1274
1097,717,1464,1282
1096,719,1474,1291
1097,721,1485,1300
1097,723,1497,1311
1097,725,1507,1320
1097,727,1517,1328
1097,729,1529,1339
1096,731,1539,1347
1096,733,1550,1357
1097,735,1560,1366
1097,737,1571,1376
1096,740,1582,1385
1097,742,1593,1395
1097,744,1603,1404
1097,746,1614,1412
1097,748,1624,1421
1097,750,1634,1430
1097,752,1645,1440
1097,754,1656,1449
1097,756,1666,1459
1097,758,1677,1468
1096,760,1686,1476
1097,762,1696,1484
1097,764,1707,1494
1096,766,1717,1503
1097,768,1727,1512
1097,770,1737,1521
1097,772,1748,1529
1096,774,1759,1539
1097,776,1768,1548
1097,778,1779,1556
1097,780,1788,1565
1097,782,1798,1573
1097,783,1809,1583
1097,785,1819,1591
1097,787,1830,1601
1097,789,1841,1610
1097,792,1851,1620
1097,794,1862,1629
1097,795,1872,1637
1097,797,1881,1646
1097,799,1892,1655
1097,801,1903,1665
1097,804,1914,1674
1097,806,1924,1683
1097,808,1934,1692
1097,810,1945,1701
1097,811,1955,1710
1097,813,1964,1719
1097,816,1975,1727
1097,817,1985,1736
1097,819,1995,1745
1097,821,2005,1754
1097,823,2016,1763
1097,825,2026,1773
1097,827,2036,1781
1097,829,2046,1790
1096,831,2056,1799
1096,833,2066,1807
1097,835,2076,1817
1097,836,2087,1825
1096,838,2096,1834
1096,840,2107,1843
1097,842,2117,1852
1097,845,2127,1861
1097,846,2137,1870
1097,848,2148,1879
1096,850,2158,1888
1097,852,2168,1896
1096,854,2178,1905
1097,856,2188,1914
1097,858,2199,1923
1097,860,2208,1932
1097,861,2219,1941
1096,863,2229,1950
1097,865,2240,1959
1097,867,2250,1969
1096,869,2262,1978
1097,871,2272,1988
1097,873,2282,1997
1097,874,2293,2006
1097,877,2303,2016
1097,878,2313,2025
1097,880,2324,2034
1097,882,2335,2043
1097,883,2345,2053
1097,885,2355,2062
1097,887,2365,2071
1097,888,2375,2079
1097,889,2385,2088
1097,892,2395,2098
1097,893,2405,2107
1096,894,2415,2116
1096,896,2426,2126
1097,897,2437,2135
1097,898,2447,2145
1097,900,2457,2154
1096,901,2467,2163
1097,902,2477,2172
1097,903,2488,2182
1097,904,2498,2191
1097,905,2509,2202
1097,906,2518,2211
1097,907,2529,2221
1097,907,2539,2230
1097,908,2549,2240
1097,908,2560,2250
1097,909,2569,2259
1096,909,2579,2268
1097,910,2589,2279
1096,910,2599,2288
1096,910,2610,2299
1096,910,2620,2309
1097,911,2631,2320
1097,911,2640,2329
1097,911,2650,2338
1097,911,2660,2349
1097,911,2671,2359
1096,911,2680,2368
1313,431,0,0
1313,433,10,9
1313,436,21,19
1313,438,33,30
1313,441,44,39
1313,443,55,49
1313,446,66,59
1313,448,78,69
1313,451,89,79
1313,453,100,89
1313,456,112,99
1313,458,123,109
1313,461,133,119
1313,463,145,129
1313,466,157,139
1313,468,169,149
1313,471,180,159
1313,473,192,169
1313,475,202,179
1313,478,214,189
1313,480,225,199
1313,482,236,208
1313,484,246,218
1313,487,258,227
1313,489,268,237
1313,491,280,247
1313,493,290,256
1313,496,302,266
1313,498,312,275
1313,500,324,285
1313,502,335,295
1313,505,346,305
1313,507,357,314
1313,509,367,323
1313,511,378,333
1313,513,389,343
1313,516,400,352
1313,518,411,361
1314,520,422,371
1313,522,433,380
1313,524,444,391
1313,526,455,400
1313,529,466,410
1313,531,477,420
1313,533,488,429
1313,535,499,439
1313,537,509,447
1313,539,520,457
1313,541,530,466
1313,544,540,475
1313,546,552,485
1313,548,562,494
1313,550,573,504
1313,552,584,513
1313,554,594,522
1313,556,605,532
1313,558,616,541
1313,560,627,551
1313,562,637,560
1313,564,649,570
1313,567,659,579
1313,569,671,589
1313,571,680,597
1313,573,691,607
1313,575,702,616
1313,577,713,626
1313,579,724,636
1314,581,735,645
1313,583,745,654
1313,585,755,663
1313,588,766,672
1313,590,777,682
1313,592,788,692
1313,593,799,701
1313,596,810,710
1313,598,820,719
1313,600,830,728
1313,602,841,738
1313,604,851,747
1313,606,862,757
1313,608,872,765
1313,610,883,774
1314,612,892,783
1313,614,903,792
1313,616,914,802
1313,618,925,811
1313,620,934,819
1313,622,946,830
1313,624,957,839
1313,626,967,848
1313,628,978,857
1313,630,988,866
1313,632,998,875
1313,634,1009,884
1313,636,1020,894
1313,639,1031,903
1313,640,1041,912
1313,643,1052,922
1313,645,1063,932
1313,647,1074,941
1313,649,1084,949
1313,650,1094,959
1313,653,1105,968
1313,655,1115,977
1313,657,1126,986
1313,659,1136,996
1313,661,1148,1006
1313,663,1158,1015
1313,665,1169,1024
1313,667,1179,1033
1313,669,1190,1042
1313,671,1200,1051
1313,673,1210,1060
1313,675,1221,1069
1313,677,1232,1078
1313,680,1242,1088
1314,681,1253,1098
1313,683,1264,1107
1313,685,1274,1116
1313,687,1285,1125
1313,689,1295,1134
1313,692,1307,1145
1313,694,1317,1153
1313,696,1328,1162
1313,698,1339,1172
1313,700,1349,1180
1313,702,1359,1190
1313,704,1371,1200
1313,706,1381,1209
1313,708,1393,1218
1313,710,1402,1227
1314,712,1412,1236
1313,714,1423,1245
1313,716,1433,1254
1313,718,1443,1262
1313,720,1453,1272
1313,722,1463,1280
1313,724,1474,1290
1313,726,1485,1299
1313,728,1496,1309
1313,730,1506,1318
1313,733,1516,1327
1313,735,1528,1337
1313,737,1539,1346
1313,739,1549,1355
1313,741,1560,1364
1314,743,1571,1374
1313,745,1581,1383
1313,748,1593,1393
1313,749,1603,1402
1313,751,1613,1411
1313,754,1623,1420
1313,756,1634,1429
1313,757,1645,1439
1313,759,1656,1448
1314,762,1666,1457
1313,764,1676,1466
1313,765,1686,1474
1313,767,1696,1483
1313,769,1707,1492
1313,772,1717,1501
1313,774,1727,1510
1313,775,1737,1518
1313,778,1747,1527
1313,780,1759,1537
1313,782,1768,1545
1313,784,1778,1554
1313,785,1787,1562
1313,787,1798,1571
1313,790,1808,1580
1313,791,1818,1589
1313,794,1830,1599
1313,796,1840,1608
1313,798,1850,1618
1313,800,1861,1626
1313,802,1871,1635
1313,804,1880,1643
1313,806,1891,1653
1313,808,1902,1662
1313,810,1914,1672
1313,812,1923,1681
1314,814,1934,1690
1313,816,1944,1699
1313,818,1954,1707
1313,820,1964,1716
1313,822,1974,1725
1313,824,1984,1733
1314,826,1994,1742
1313,829,2004,1750
1313,830,2015,1760
1313,832,2025,1769
1314,835,2035,1778
1314,837,2045,1787
1314,839,2056,1795
1313,841,2065,1804
1314,843,2076,1813
1313,845,2086,1822
1313,847,2096,1830
1313,849,2107,1840
1313,850,2116,1848
1313,853,2127,1858
1313,855,2137,1866
1314,857,2147,1875
1313,859,2157,1884
1313,861,2167,1893
1313,863,2177,1901
1313,865,2187,1910
1313,867,2198,1919
1313,869,2208,1928
1314,871,2218,1937
1313,873,2228,1946
1314,875,2238,1955
1313,877,2249,1964
1313,880,2260,1974
1313,882,2270,1983
1313,883,2281,1992
1314,886,2292,2001
1313,888,2302,2010
1313,890,2312,2019
1313,892,2322,2028
1313,894,2333,2037
1313,896,2344,2047
1313,898,2354,2055
1313,900,2364,2064
1314,902,2374,2072
1314,904,2384,2081
1313,906,2394,2090
1313,908,2404,2099
1313,910,2414,2108
1313,912,2425,2117
1314,914,2435,2126
1313,916,2447,2136
1314,918,2456,2144
1313,920,2465,2152
1313,922,2475,2161
1313,924,2486,2171
1314,926,2496,2179
1313,929,2507,2188
1313,930,2516,2199
1313,932,2527,2207
1313,935,2537,2216
1313,936,2547,2225
1313,938,2556,2234
1313,940,2566,2242
1313,942,2576,2251
1313,944,2587,2261
1314,947,2596,2269
1313,949,2607,2278
1313,951,2617,2287
1314,953,2627,2296
1314,955,2636,2304
1313,957,2646,2313
1314,958,2656,2321
1313,960,2666,2330
1313,962,2676,2338
1526,437,0,0
1526,440,10,10
1526,442,21,19
1526,445,32,30
1526,447,44,40
1526,449,55,49
1526,452,66,59
1526,454,78,69
1526,457,89,79
1526,459,100,89
1526,462,112,99
1526,464,123,109
1526,466,133,119
1526,469,145,129
1526,471,157,139
1526,474,168,149
1526,476,180,160
1526,478,191,170
1526,481,202,179
1526,483,214,189
1526,485,225,199
1526,487,235,208
1526,490,246,218
1526,492,257,227
1526,494,268,237
1526,496,280,247
1526,499,290,256
1526,501,301,266
1526,503,313,276
1526,505,324,285
1526,507,334,295
1526,510,346,305
1526,512,356,314
1526,514,367,323
1526,516,378,333
1526,518,389,343
1526,520,400,352
1526,523,411,362
1526,524,422,371
1526,527,432,381
1526,529,444,391
1526,531,455,400
1526,533,466,410
1526,535,477,420
1526,538,488,429
1526,540,499,439
1526,542,509,448
1526,544,519,457
1526,546,529,466
1526,548,540,475
1526,550,551,485
1526,552,562,494
1526,554,573,503
1526,556,584,513
1527,558,594,522
1527,561,605,531
1526,563,616,541
1526,565,627,551
1526,567,637,560
1527,569,648,570
1526,571,659,579
1526,573,670,588
1526,575,680,598
1526,577,691,607
1526,580,702,616
1526,581,713,626
1526,584,723,635
1526,586,734,645
1527,588,745,654
1527,590,755,663
1526,592,766,672
1526,594,777,682
1526,596,787,692
1526,598,798,701
1526,600,809,710
1526,602,820,720
1526,604,830,729
1526,607,841,738
1526,608,851,747
1526,610,862,757
1526,613,873,766
1527,615,883,774
1526,616,892,783
1526,618,903,792
1526,620,914,802
1527,622,925,811
1526,624,935,820
1526,627,946,829
1526,629,957,840
1527,631,967,848
1526,632,977,857
1526,635,987,866
1526,637,998,875
1526,639,1009,885
1526,641,1020,894
1526,643,1030,904
1526,645,1041,913
1526,647,1052,922
1526,649,1063,932
1527,651,1073,941
1527,653,1083,950
1526,655,1094,959
1526,657,1104,967
1526,659,1115,977
1526,661,1125,986
1527,663,1137,996
1526,665,1147,1006
1526,668,1157,1015
1526,670,1168,1023
1526,672,1179,1033
1527,674,1189,1042
1526,676,1200,1052
1527,678,1210,1060
1527,680,1221,1069
1526,682,1231,1079
1526,684,1242,1088
1526,686,1253,1098
1526,688,1264,1107
1526,690,1274,1116
1526,692,1285,1125
1526,695,1295,1134
1526,696,1306,1144
1526,698,1317,1153
1526,700,1328,1163
1527,703,1338,1172
1526,705,1349,1181
1526,707,1359,1190
1526,709,1370,1200
1526,711,1381,1209
1526,713,1392,1218
1526,715,1401,1227
1526,717,1412,1236
1526,719,1422,1245
1526,721,1433,1254
1526,723,1443,1263
1526,725,1453,1272
1526,727,1463,1281
1526,729,1474,1290
1526,731,1484,1299
1526,733,1496,1309
1526,735,1506,1318
1526,737,1516,1327
1526,740,1528,1337
1526,742,1538,1346
1526,744,1549,1355
1526,746,1559,1364
1526,748,1570,1374
1526,750,1581,1383
1526,752,1592,1393
1526,754,1602,1402
1526,756,1613,1411
1526,758,1623,1420
1526,760,1633,1429
1526,763,1645,1438
1526,765,1655,1448
1526,767,1665,1457
1526,769,1676,1466
1527,771,1685,1474
1526,773,1696,1483
1526,775,1706,1492
1526,777,1716,1501
1526,779,1727,1510
1526,781,1736,1519
1526,783,1747,1527
1526,785,1758,1537
1526,787,1767,1545
1526,789,1777,1554
1526,791,1787,1563
1526,793,1797,1571
1526,795,1808,1580
1526,797,1818,1589
1527,799,1829,1599
1526,801,1839,1608
1526,803,1850,1618
1527,805,1861,1627
1526,807,1871,1635
1527,809,1880,1644
1526,812,1891,1653
1526,814,1902,1663
1527,816,1913,1672
1526,817,1923,1681
1527,820,1933,1690
1526,822,1943,1698
1526,824,1953,1707
1526,826,1964,1716
1527,828,1973,1724
1527,830,1984,1733
1527,832,1994,1742
1527,834,2004,1751
1527,836,2015,1761
1527,838,2025,1769
1527,840,2034,1778
1527,842,2045,1787
1527,844,2055,1796
1527,846,2065,1804
1527,848,2076,1813
1527,851,2086,1822
1526,853,2095,1830
1527,855,2106,1840
1527,857,2115,1849
1527,859,2126,1858
1526,861,2136,1866
1527,863,2146,1875
1527,864,2156,1884
1527,867,2166,1892
1527,869,2176,1901
1526,871,2186,1910
1526,873,2196,1919
1526,875,2207,1928
1526,877,2217,1937
1526,879,2228,1946
1526,881,2238,1955
1526,883,2249,1964
1526,886,2260,1975
1527,888,2270,1984
1526,890,2280,1992
1526,892,2291,2001
1527,894,2302,2011
1526,896,2312,2019
1526,898,2322,2028
1527,901,2333,2038
1527,903,2343,2047
1527,904,2353,2055
1526,906,2363,2064
1526,909,2373,2073
1526,910,2383,2081
1527,913,2393,2090
1526,915,2403,2098
1526,916,2413,2108
1526,919,2424,2117
1526,921,2435,2126
1526,923,2445,2135
1526,924,2455,2144
1526,927,2464,2152
1526,929,2474,2161
1526,931,2485,2170
1526,933,2495,2179
1526,935,2505,2187
1526,937,2515,2197
1526,939,2526,2205
1526,941,2536,2214
1527,944,2546,2223
1526,945,2555,2231
1526,948,2565,2240
1526,949,2575,2248
1526,951,2585,2257
1526,953,2595,2265
1526,956,2605,2275
1526,957,2616,2283
1526,959,2626,2291
1527,961,2635,2300
1526,963,2645,2308
1526,965,2654,2317
1526,967,2664,2325
1526,969,2674,2334
1742,443,0,0
1743,446,10,10
1742,448,21,20
1742,450,33,30
1742,452,44,40
1742,455,55,49
1742,457,66,60
1742,460,78,69
1743,462,88,79
1743,464,100,89
1742,467,112,100
1742,469,123,109
1742,471,134,119
1742,474,145,129
1743,476,157,139
1742,478,168,149
1742,481,180,160
1742,483,191,169
1742,485,202,179
1742,488,214,189
1742,490,225,199
1743,492,236,208
1742,494,246,218
1742,496,257,227
1742,499,268,237
1742,501,280,247
1742,503,290,256
1742,505,301,265
1742,507,312,275
1742,510,324,285
1742,512,335,295
1742,514,346,304
1742,516,356,314
1742,518,367,323
1742,520,378,333
1742,523,389,342
1742,525,400,352
1742,527,411,361
1743,529,422,371
1742,531,432,380
1742,533,444,390
1742,535,454,400
1742,538,465,410
1742,540,477,419
1742,542,488,429
1742,544,499,439
1742,546,509,447
1742,548,519,456
1742,550,529,465
1742,552,540,475
1742,554,551,484
1742,556,561,493
1742,558,572,503
1743,560,583,512
1742,563,594,522
1742,565,605,531
1742,567,616,541
1742,569,626,550
1743,571,637,559
1742,573,648,569
1742,575,659,578
1742,577,670,588
1742,579,680,597
1742,581,691,607
1742,584,702,616
1743,585,713,625
1742,588,723,634
1742,590,734,644
1742,592,745,653
1743,594,755,662
1742,596,766,672
1743,598,776,682
1742,600,787,691
1742,602,798,700
1742,604,809,710
1742,606,820,719
1742,608,830,728
1742,610,841,737
1742,612,851,746
1743,614,862,756
1742,616,872,765
1743,618,882,774
1742,620,892,782
1743,622,903,791
1742,624,914,801
1743,627,924,810
1743,629,934,819
1743,631,945,829
1742,633,957,839
1742,635,967,848
1743,637,978,856
1742,639,987,865
1742,641,997,874
1742,643,1009,884
1742,645,1019,893
1742,647,1030,903
1742,649,1041,912
1742,651,1051,921
1742,653,1062,931
1742,655,1073,940
1743,657,1083,949
1743,659,1093,958
1743,661,1104,967
1742,663,1114,976
1742,665,1125,985
1742,667,1136,995
1742,669,1147,1005
1742,671,1157,1014
1742,674,1168,1023
1742,676,1178,1032
1742,678,1189,1041
1743,680,1200,1050
1742,681,1210,1059
1742,684,1220,1068
1742,686,1231,1078
1742,688,1242,1087
1742,690,1252,1096
1743,692,1263,1106
1742,694,1273,1115
1742,696,1284,1124
1742,698,1295,1133
1743,700,1306,1143
1742,702,1317,1152
1742,704,1328,1162
1742,707,1338,1171
1742,709,1348,1179
1742,711,1358,1189
1742,713,1370,1199
1743,715,1381,1208
1742,717,1391,1217
1743,719,1401,1225
1743,721,1411,1235
1743,723,1422,1244
1743,725,1432,1253
1743,727,1442,1262
1743,729,1453,1271
1743,731,1463,1280
1743,733,1473,1288
1742,735,1484,1298
1743,737,1495,1308
1743,739,1505,1317
1742,741,1516,1326
1743,744,1527,1335
1743,746,1537,1345
1742,748,1549,1354
1743,750,1559,1363
1742,752,1570,1373
1743,754,1580,1382
1742,756,1592,1392
1743,758,1602,1401
1742,761,1612,1410
1742,763,1623,1419
1743,764,1633,1428
1743,767,1644,1437
1742,769,1655,1447
1742,771,1665,1455
1742,773,1676,1465
1743,775,1685,1473
1743,777,1695,1482
1742,779,1706,1491
1743,781,1716,1500
1743,783,1726,1508
1742,785,1736,1517
1742,787,1746,1526
1742,789,1758,1536
1742,791,1767,1544
1742,793,1777,1553
1742,795,1787,1561
1742,797,1796,1570
1742,799,1807,1579
1743,801,1817,1588
1742,803,1829,1597
1742,805,1839,1607
1742,807,1850,1617
1742,810,1860,1625
1742,811,1870,1634
1742,814,1880,1642
1742,816,1891,1652
1742,818,1901,1661
1743,820,1913,1670
1743,822,1923,1679
1743,824,1933,1688
1743,826,1943,1697
1742,828,1953,1706
1742,830,1963,1715
1742,832,1973,1723
1742,834,1983,1732
1743,836,1993,1741
1742,838,2003,1750
1742,840,2014,1759
1743,842,2024,1768
1742,844,2034,1776
1743,846,2045,1785
1742,848,2055,1794
1742,850,2064,1803
1743,853,2075,1813
1743,855,2086,1821
1743,857,2095,1830
1742,859,2106,1839
1743,861,2115,1847
1743,863,2127,1856
1742,865,2136,1865
1743,867,2146,1874
1743,870,2156,1883
1742,871,2166,1891
1742,873,2176,1900
1743,876,2186,1908
1742,877,2197,1918
1743,879,2207,1927
1742,882,2217,1936
1743,884,2228,1945
1743,886,2238,1954
1743,888,2249,1963
1743,891,2260,1972
1743,893,2270,1981
1743,894,2281,1990
1743,896,2291,1999
1742,899,2301,2008
1742,901,2311,2017
1742,903,2322,2026
1742,905,2333,2036
1743,907,2344,2045
1743,909,2353,2053
1743,911,2364,2063
1742,913,2373,2071
1742,915,2383,2080
1742,918,2394,2088
1743,919,2403,2098
1743,921,2414,2106
1743,923,2424,2115
1743,925,2434,2124
1742,927,2445,2133
1743,930,2455,2141
1742,932,2464,2149
1742,934,2475,2158
1742,936,2485,2167
1742,938,2496,2177
1742,939,2506,2185
1742,942,2515,2194
1742,944,2526,2203
1743,946,2536,2212
1743,948,2546,2220
1742,950,2556,2229
1743,952,2566,2238
1743,955,2575,2247
1742,956,2586,2255
1743,958,2595,2263
1743,960,2606,2272
1743,963,2616,2281
1742,965,2627,2290
1742,966,2635,2298
1743,969,2645,2306
1742,971,2655,2315
1742,973,2665,2323
1743,974,2674,2332
1955,448,0,0
1955,451,10,10
1956,453,21,20
1956,455,32,30
1956,457,44,40
1956,460,55,50
1955,462,66,60
1955,465,78,70
1955,467,89,79
1956,469,100,89
1955,471,112,100
1955,474,123,109
1955,476,134,119
1955,478,145,129
1956,481,157,139
1955,483,168,149
1955,485,180,160
1956,487,191,169
1956,490,202,179
1956,492,214,189
1956,494,225,199
1956,496,235,208
1955,499,246,218
1956,501,257,227
1956,503,268,237
1956,505,280,247
1956,507,290,256
1956,509,302,266
1956,512,312,276
1956,514,323,285
1955,516,334,295
1955,518,346,305
1956,520,356,314
1955,522,367,323
1955,525,378,333
1955,527,389,342
1955,529,400,352
1955,531,411,361
1956,533,422,371
1956,535,432,380
1956,537,443,390
1956,539,454,400
1956,541,466,409
1956,544,477,419
1956,546,488,429
1956,548,499,438
1956,550,509,447
1955,552,519,456
1955,554,529,465
1956,556,540,475
1956,558,551,484
1956,560,562,494
1956,562,573,503
1956,564,583,513
1956,566,594,522
1956,569,605,531
1956,571,616,541
1956,573,626,550
1956,575,637,559
1956,577,649,569
1956,579,659,579
1956,581,670,588
1956,583,680,597
1956,585,691,607
1956,587,702,616
1956,590,713,625
1956,591,723,635
1956,594,734,644
1956,596,745,654
1956,598,755,662
1956,600,766,672
1956,602,777,681
1955,604,788,691
1956,606,798,700
1956,608,809,710
1956,610,820,720
1956,613,830,728
1955,614,841,737
1956,616,851,746
1956,618,862,756
1955,620,872,765
1956,622,882,774
1956,624,892,782
1956,626,902,791
1956,628,914,801
1956,630,924,810
1956,632,935,819
1956,634,945,828
1956,636,957,838
1956,638,967,848
1956,640,977,856
1956,642,987,865
1956,645,997,874
1956,646,1009,884
1956,649,1020,893
1956,651,1031,903
1956,653,1041,912
1956,655,1051,921
1956,657,1063,931
1956,659,1073,940
1956,661,1083,948
1956,663,1093,958
1956,665,1104,967
1956,667,1115,976
1956,669,1125,985
1956,671,1136,995
1956,673,1147,1005
1956,675,1158,1014
1956,677,1168,1022
1956,679,1179,1032
1956,681,1189,1041
1956,683,1200,1050
1956,685,1210,1059
1956,688,1220,1069
1956,690,1231,1078
1956,692,1242,1087
1956,694,1252,1096
1956,696,1263,1106
1956,698,1274,1115
1957,700,1284,1124
1956,702,1294,1133
1956,704,1306,1143
1956,706,1317,1152
1956,708,1327,1162
1956,711,1338,1171
1956,713,1348,1180
1956,715,1358,1189
1956,717,1370,1199
1956,719,1381,1208
1956,721,1391,1217
1956,723,1401,1226
1956,725,1412,1235
1956,727,1422,1244
1956,729,1433,1254
1956,731,1443,1262
1956,733,1453,1271
1956,735,1463,1280
1956,737,1473,1289
1956,739,1484,1298
1956,742,1496,1308
1957,743,1506,1317
1956,745,1516,1326
1956,748,1527,1336
1956,750,1538,1345
1956,752,1549,1354
1956,754,1559,1363
1956,756,1570,1373
1956,758,1581,1382
1956,760,1592,1392
1956,763,1603,1401
1956,765,1612,1410
1956,767,1623,1419
1956,769,1633,1428
1956,771,1644,1437
1956,773,1655,1447
1956,775,1665,1456
1956,777,1676,1465
1956,779,1685,1473
1956,781,1695,1482
1956,783,1706,1491
1956,785,1716,1500
1956,787,1726,1508
1956,789,1736,1518
1956,791,1747,1527
1956,793,1757,1536
1957,795,1767,1544
1956,797,1777,1553
1957,799,1787,1561
1956,801,1797,1570
1956,803,1807,1579
1956,805,1817,1588
1956,807,1829,1598
1956,809,1839,1607
1956,812,1850,1616
1956,814,1861,1625
1956,816,1871,1634
1956,817,1880,1643
1956,820,1891,1651
1957,822,1902,1661
1956,824,1913,1671
1956,826,1923,1679
1957,828,1933,1688
1956,830,1943,1697
1956,832,1953,1706
1956,834,1963,1714
1956,836,1973,1724
1956,838,1983,1732
1956,840,1993,1741
1956,842,2003,1749
1956,844,2014,1759
1956,847,2024,1768
1956,849,2035,1776
1956,851,2045,1786
1956,853,2055,1794
1956,855,2065,1802
1956,857,2075,1812
1956,859,2085,1821
1956,861,2095,1829
1956,863,2105,1838
1956,865,2115,1847
1956,867,2126,1856
1956,870,2136,1865
1956,872,2146,1874
1956,874,2157,1883
1956,876,2166,1891
1956,878,2176,1900
1956,879,2186,1909
1956,882,2197,1918
1956,884,2208,1927
1956,886,2217,1936
1956,888,2228,1945
1956,891,2238,1954
1956,892,2249,1963
1956,894,2261,1973
1956,897,2270,1981
1956,899,2281,1991
1956,902,2292,2000
1956,904,2302,2009
1956,905,2312,2018
1956,907,2322,2027
1956,910,2333,2036
1956,912,2344,2045
1956,913,2353,2053
1956,916,2364,2063
1956,917,2373,2071
1956,919,2383,2079
1956,922,2393,2089
1956,924,2403,2097
1956,926,2414,2105
1956,928,2424,2115
1956,930,2435,2125
1956,932,2446,2134
1956,935,2455,2143
1956,936,2465,2150
1956,938,2475,2160
1956,941,2485,2169
1956,943,2495,2178
1956,945,2506,2186
1956,947,2516,2195
1956,949,2526,2205
1956,951,2536,2213
1956,953,2546,2222
1956,955,2556,2230
1956,957,2565,2238
1956,960,2575,2247
1956,962,2586,2256
1956,963,2595,2264
1956,966,2606,2274
1956,968,2616,2283
1956,970,2626,2292
1956,972,2636,2300
1956,974,2645,2308
1956,976,2655,2316
1956,978,2665,2325
1956,980,2675,2333
2170,453,0,1
2170,455,10,11
2170,458,21,20
2170,460,32,30
2171,462,44,40
2170,464,55,50
2170,467,67,60
2170,469,78,70
2170,471,89,80
2170,473,100,89
2170,476,112,100
2170,478,123,109
2170,480,134,119
2170,482,145,129
2170,485,157,139
2170,487,168,149
2170,490,180,160
2170,492,191,170
2170,494,202,179
2169,496,214,189
2170,499,225,199
2170,501,235,208
2170,503,247,218
2170,505,257,227
2170,507,268,237
2170,509,280,247
2170,511,291,256
2170,513,301,266
2170,515,312,276
2170,518,324,285
2170,520,335,295
2170,522,346,305
2170,524,357,314
2170,526,367,323
2170,529,378,333
2170,530,389,342
2170,533,400,352
2170,535,411,361
2170,537,422,371
2170,539,432,380
2170,541,444,390
2169,543,455,400
2170,545,466,409
2170,548,477,419
2170,550,488,428
2170,552,499,438
2170,554,509,447
2170,556,520,456
2170,558,529,465
2170,560,540,475
2170,562,551,484
2170,564,562,493
2170,566,572,503
2170,568,583,513
2170,570,594,522
2170,572,605,531
2170,574,616,540
2170,577,627,550
2170,578,637,559
2170,581,648,569
2170,583,659,578
2170,585,670,588
2170,587,680,597
2170,589,691,607
2170,591,702,616
2170,593,713,626
2170,595,724,635
2170,597,734,644
2170,599,745,653
2170,601,756,662
2170,603,766,672
2170,605,777,681
2170,608,787,691
2170,609,798,700
2170,612,809,709
2170,613,820,719
2170,616,830,728
2170,618,841,737
2170,620,851,746
2170,622,862,756
2170,624,872,765
2170,626,883,774
2170,628,892,782
2170,630,903,791
2170,632,914,801
2170,634,924,810
2170,636,934,819
2170,638,946,828
2170,640,957,838
2170,642,967,847
2170,644,977,856
2170,646,988,865
2170,648,998,873
2170,650,1009,883
2170,652,1020,893
2170,654,1031,903
2170,656,1042,912
2170,658,1052,921
2170,661,1063,931
2170,663,1074,940
2170,664,1083,948
2170,667,1094,958
2170,669,1104,967
2170,671,1115,976
2170,673,1125,985
2170,675,1137,995
2170,677,1147,1004
2170,679,1158,1013
2170,681,1168,1023
2171,683,1179,1032
2170,685,1189,1041
2170,687,1200,1050
2171,689,1210,1059
2170,691,1221,1069
2171,693,1232,1078
2170,695,1242,1087
2170,697,1253,1096
2170,700,1264,1106
2170,702,1274,1115
2170,704,1285,1124
2170,706,1295,1133
2170,708,1307,1143
2170,710,1317,1152
2171,712,1328,1161
2170,714,1338,1170
2170,716,1348,1179
2171,718,1359,1188
2171,720,1370,1198
2171,723,1382,1208
2170,725,1392,1217
2170,726,1401,1225
2170,729,1412,1235
2171,731,1423,1244
2170,733,1433,1253
2171,735,1443,1262
2170,737,1453,1271
2171,739,1463,1279
2170,741,1474,1288
2170,743,1484,1297
2170,745,1496,1307
2170,747,1506,1316
2170,749,1516,1325
2170,751,1527,1335
2170,753,1538,1344
2170,755,1549,1354
2170,757,1559,1363
2170,760,1570,1372
2170,762,1581,1382
2170,764,1592,1391
2170,766,1603,1401
2170,768,1613,1409
2170,771,1623,1418
2170,772,1633,1427
2169,775,1645,1436
2170,777,1655,1446
2170,779,1665,1455
2170,781,1676,1464
2170,783,1685,1472
2169,785,1696,1481
2170,787,1706,1490
2170,789,1716,1499
2170,791,1726,1508
2170,793,1736,1517
2170,795,1747,1526
2170,797,1758,1536
2170,799,1768,1544
2170,801,1777,1552
2170,803,1787,1561
2170,805,1797,1569
2170,807,1808,1578
2171,809,1818,1587
2170,811,1829,1597
2170,813,1840,1607
2170,815,1850,1616
2170,818,1861,1625
2170,820,1871,1633
2170,822,1881,1642
2170,823,1891,1651
2170,826,1902,1660
2170,828,1913,1670
2170,830,1923,1678
2170,832,1933,1687
2170,834,1944,1696
2170,836,1954,1705
2170,838,1963,1714
2170,840,1973,1723
2170,842,1984,1731
2170,844,1994,1740
2170,846,2004,1749
2170,849,2015,1758
2170,851,2025,1767
2170,853,2034,1775
2170,855,2045,1785
2170,857,2055,1793
2170,859,2065,1802
2170,861,2076,1812
2170,863,2086,1820
2170,865,2095,1828
2170,867,2106,1837
2170,869,2115,1846
2170,871,2126,1855
2170,873,2137,1864
2170,875,2147,1873
2170,878,2157,1882
2170,879,2166,1891
2170,881,2177,1899
2170,883,2187,1908
2170,886,2197,1917
2170,888,2207,1926
2170,890,2218,1934
2170,892,2228,1943
2170,894,2238,1952
2170,896,2249,1962
2170,898,2260,1971
2170,900,2270,1980
2170,903,2281,1989
2170,905,2292,1999
2170,907,2302,2007
2170,909,2312,2017
2170,911,2322,2025
2170,913,2333,2035
2170,915,2344,2044
2170,917,2353,2052
2171,919,2364,2061
2170,921,2373,2069
2170,923,2383,2078
2170,925,2394,2087
2170,927,2404,2096
2170,930,2414,2105
2170,932,2425,2114
2170,935,2435,2123
2170,936,2446,2133
2170,938,2456,2141
2169,940,2465,2149
2170,942,2475,2158
2170,944,2485,2167
2170,946,2496,2176
2170,948,2506,2185
2171,950,2516,2194
2170,952,2526,2203
2170,955,2537,2212
2170,957,2546,2222
2170,959,2556,2230
2170,961,2566,2239
2170,963,2575,2247
2170,965,2585,2256
2171,968,2595,2264
2170,970,2606,2274
2170,971,2617,2283
2170,973,2626,2292
2170,976,2635,2300
2170,977,2645,2308
2170,979,2655,2316
2170,981,2665,2325
2170,983,2675,2334
2381,457,0,1
2382,459,10,11
2381,462,21,20
2381,464,33,31
2381,467,44,41
2381,469,55,50
2381,471,66,60
2382,473,78,70
2382,475,89,80
2381,478,100,90
2382,480,112,100
2381,482,123,110
2381,484,134,119
2381,487,145,129
2381,489,157,140
2382,491,168,150
2381,493,180,160
2382,495,192,170
2381,498,202,179
2382,500,214,190
2381,502,225,199
2381,504,235,208
2381,507,246,218
2381,509,257,228
2382,511,268,237
2381,513,280,247
2381,515,290,256
2382,517,301,266
2382,519,312,276
2382,521,324,286
2382,524,335,295
2381,526,346,305
2381,528,357,314
2382,530,367,324
2382,532,378,333
2382,534,389,343
2382,536,400,352
2381,538,411,362
2381,540,422,371
2382,543,433,381
2382,544,443,390
2382,547,454,400
2382,549,466,410
2381,551,477,420
2382,553,488,429
2381,555,499,439
2382,557,509,447
2381,559,519,457
2381,561,529,466
2381,563,540,475
2382,565,551,484
2382,567,562,494
2382,569,572,504
2382,571,583,513
2381,574,594,522
2381,576,605,532
2382,578,616,541
2381,580,626,551
2382,582,637,560
2381,584,648,569
2381,586,659,579
2381,588,670,589
2381,590,680,598
2382,592,691,607
2382,594,702,616
2382,596,713,626
2382,599,723,636
2382,600,734,645
2381,602,745,654
2382,605,755,663
2382,607,766,672
2381,609,777,682
2382,611,788,692
2382,613,798,701
2382,615,809,710
2381,617,820,720
2381,619,830,728
2382,621,841,738
2381,623,851,747
2382,625,862,756
2381,627,872,766
2381,629,882,774
2382,631,892,783
2382,633,903,792
2381,635,915,802
2382,637,924,811
2382,639,935,820
2382,641,946,829
2382,643,957,840
2382,645,967,848
2382,647,978,857
2381,649,987,866
2382,651,998,875
2382,653,1009,885
2381,655,1020,894
2381,658,1031,904
2382,659,1041,913
2382,662,1051,922
2381,664,1063,931
2382,666,1073,941
2382,667,1083,949
2382,669,1094,959
2382,671,1104,968
2382,674,1115,977
2382,676,1125,986
2382,678,1137,996
2382,680,1147,1005
2382,682,1158,1015
2382,684,1168,1023
2381,686,1179,1033
2382,688,1189,1042
2382,690,1200,1051
2382,692,1210,1060
2382,694,1221,1069
2382,696,1231,1079
2382,699,1242,1088
2382,701,1252,1097
2382,703,1264,1106
2382,705,1274,1116
2381,707,1284,1125
2382,709,1295,1134
2382,711,1307,1144
2381,713,1317,1153
2382,715,1327,1162
2382,717,1338,1172
2382,719,1349,1181
2382,721,1359,1190
2382,723,1370,1200
2382,725,1381,1209
2382,728,1392,1218
2382,730,1401,1227
2382,732,1411,1236
2382,733,1422,1245
2382,736,1432,1254
2382,737,1443,1263
2382,740,1453,1272
2382,742,1463,1281
2381,743,1474,1289
2381,746,1485,1299
2382,748,1496,1309
2382,750,1506,1318
2381,752,1516,1327
2382,754,1528,1337
2382,757,1538,1346
2382,758,1549,1355
2382,760,1559,1364
2382,763,1570,1374
2382,765,1581,1383
2382,767,1592,1393
2382,769,1602,1402
2382,771,1613,1411
2382,773,1623,1420
2382,775,1634,1429
2382,778,1644,1438
2382,779,1655,1448
2382,782,1665,1457
2382,784,1676,1466
2381,785,1685,1474
2381,787,1695,1483
2382,789,1706,1492
2381,792,1717,1501
2382,793,1727,1510
2381,796,1736,1518
2381,798,1747,1527
2382,800,1758,1537
2381,802,1767,1545
2382,804,1778,1554
2382,806,1787,1562
2382,808,1797,1571
2382,810,1807,1580
2382,812,1817,1589
2382,814,1829,1599
2381,816,1839,1608
2382,819,1850,1617
2381,821,1861,1626
2381,823,1871,1635
2382,825,1881,1643
2382,827,1891,1652
2382,829,1902,1662
2382,831,1913,1672
2381,833,1923,1680
2381,835,1933,1689
2382,837,1943,1698
2382,839,1953,1706
2382,841,1963,1716
2382,843,1973,1724
2381,845,1984,1733
2382,847,1994,1742
2381,849,2004,1751
2382,851,2015,1760
2382,853,2025,1768
2382,855,2034,1777
2382,858,2045,1787
2382,860,2055,1795
2382,862,2065,1804
2382,864,2076,1813
2382,866,2086,1822
2382,868,2096,1831
2382,870,2106,1840
2381,872,2116,1848
2382,874,2127,1857
2381,877,2137,1866
2382,878,2146,1875
2382,881,2157,1884
2382,882,2167,1893
2382,884,2177,1901
2381,887,2187,1909
2381,889,2198,1919
2382,891,2207,1928
2382,893,2217,1937
2382,895,2228,1945
2382,897,2239,1955
2381,899,2249,1964
2382,901,2261,1973
2382,903,2271,1983
2382,905,2281,1991
2382,907,2292,2001
2382,910,2302,2010
2381,912,2312,2019
2381,914,2322,2028
2381,917,2333,2037
2381,918,2344,2046
2382,920,2353,2055
2381,922,2364,2064
2381,924,2373,2071
2381,926,2384,2080
2381,928,2393,2090
2381,931,2404,2099
2381,933,2413,2107
2381,935,2424,2116
2382,937,2435,2126
2381,939,2446,2135
2382,942,2456,2143
2382,943,2465,2152
2381,946,2475,2161
2381,948,2485,2169
2381,950,2495,2178
2381,952,2506,2187
2381,954,2516,2197
2381,956,2527,2205
2382,958,2536,2214
2381,960,2546,2223
2381,963,2556,2232
2382,965,2566,2240
2382,966,2575,2249
2382,969,2586,2259
2382,971,2596,2267
2382,973,2606,2276
2381,975,2616,2285
2381,977,2626,2294
2381,979,2636,2302
2381,982,2645,2311
2382,983,2655,2319
2382,986,2665,2327
2382,988,2675,2335
2591,461,0,1
2590,464,10,11
2591,466,21,20
2590,468,33,31
2590,471,44,41
2590,472,55,50
2590,475,66,61
2590,477,78,70
2590,479,89,80
2590,482,100,90
2590,484,112,100
2590,486,123,110
2590,488,133,120
2590,490,145,130
2590,493,157,140
2590,495,168,150
2590,497,180,160
2590,500,192,170
2590,502,202,179
2590,504,214,190
2590,506,225,199
2590,508,235,209
2590,510,246,218
2590,512,258,228
2590,514,268,237
2590,517,280,247
2590,519,291,257
2590,520,301,266
2590,523,312,276
2590,525,324,286
2590,527,335,296
2591,529,346,305
2591,531,357,315
2591,533,367,324
2590,536,378,334
2591,537,389,343
2590,540,400,353
2591,542,411,362
2591,544,422,372
2591,546,433,381
2590,548,444,391
2591,550,454,400
2590,552,466,410
2590,555,477,420
2590,557,488,429
2591,559,499,439
2591,560,509,448
2590,563,519,457
2590,565,529,466
2591,567,540,476
2590,568,551,485
2591,571,562,494
2591,573,573,504
2590,575,584,514
2590,577,594,522
2591,579,605,532
2590,581,616,542
2590,583,627,551
2590,585,637,560
2590,587,648,570
2590,590,659,579
2590,592,670,589
2590,594,680,598
2590,596,692,608
2590,597,702,617
2590,600,713,627
2590,602,724,636
2590,604,735,645
2590,606,745,655
2590,608,755,664
2590,610,766,673
2590,612,777,682
2590,614,788,692
2590,617,799,701
2590,619,809,711
2590,620,820,720
2590,623,830,729
2590,625,841,738
2591,626,851,747
2590,628,862,757
2590,631,873,766
2590,632,883,774
2590,634,892,783
2590,637,903,793
2590,639,914,802
2590,640,925,811
2590,643,935,820
2590,645,946,830
2589,647,957,840
2590,649,967,849
2590,651,978,858
2590,653,988,866
2590,654,998,875
2590,657,1009,885
2590,659,1020,895
2590,661,1031,904
2590,663,1041,913
2590,665,1051,922
2590,667,1063,932
2590,669,1073,941
2590,671,1084,950
2590,673,1094,959
2590,675,1104,969
2590,677,1115,978
2590,679,1125,986
2590,682,1137,996
2590,684,1147,1006
2590,686,1158,1015
2590,688,1168,1024
2590,690,1179,1034
2590,692,1190,1043
2590,694,1200,1052
2590,696,1210,1060
2591,698,1220,1070
2590,700,1232,1080
2590,702,1242,1089
2590,704,1253,1098
2590,706,1263,1107
2590,708,1274,1116
2591,711,1285,1126
2591,712,1295,1135
2590,715,1307,1145
2590,717,1317,1154
2590,719,1327,1163
2590,721,1339,1173
2590,723,1349,1181
2591,725,1359,1190
2590,727,1370,1200
2590,729,1381,1210
2590,731,1392,1219
2590,733,1401,1227
2590,735,1412,1236
2590,737,1423,1246
2590,739,1433,1255
2590,742,1442,1263
2591,743,1453,1273
2590,745,1463,1281
2590,747,1473,1291
2590,749,1484,1300
2590,752,1496,1310
2590,754,1506,1319
2590,756,1516,1328
2590,758,1528,1338
2590,760,1538,1347
2590,762,1549,1356
2590,765,1559,1365
2590,767,1570,1375
2590,769,1581,1384
2590,771,1592,1393
2590,773,1603,1403
2590,775,1613,1412
2590,777,1624,1421
2590,779,1633,1429
2590,781,1644,1439
2590,784,1655,1448
2590,785,1665,1457
2590,788,1676,1467
2590,789,1685,1475
2590,791,1695,1484
2590,794,1707,1493
2590,795,1716,1501
2590,798,1726,1510
2590,800,1737,1519
2590,802,1747,1528
2590,804,1758,1538
2590,806,1768,1546
2590,807,1777,1555
2590,810,1787,1564
2590,812,1797,1572
2590,814,1808,1581
2590,816,1818,1590
2590,818,1829,1600
2590,820,1840,1609
2590,822,1850,1618
2590,825,1861,1627
2590,827,1871,1636
2590,829,1880,1644
2590,831,1891,1654
2590,833,1902,1663
2590,835,1913,1673
2590,837,1923,1681
2590,839,1933,1690
2590,841,1943,1699
2590,843,1953,1708
2590,845,1964,1717
2590,847,1973,1726
2590,849,1983,1734
2590,851,1994,1743
2590,853,2004,1751
2590,856,2015,1761
2590,858,2025,1770
2590,860,2035,1778
2590,862,2045,1788
2590,864,2055,1796
2591,866,2065,1805
2590,868,2076,1815
2591,870,2086,1823
2590,872,2096,1831
2590,875,2107,1840
2591,877,2116,1849
2591,878,2126,1858
2590,880,2137,1867
2590,883,2146,1876
2590,885,2157,1885
2591,887,2167,1893
2590,889,2177,1902
2590,891,2187,1911
2590,893,2197,1920
2590,895,2207,1928
2590,897,2217,1937
2590,899,2228,1946
2589,901,2238,1956
2590,904,2249,1965
2590,905,2260,1975
2590,908,2270,1983
2590,910,2281,1993
2590,912,2292,2002
2590,914,2302,2011
2590,916,2312,2020
2590,918,2323,2029
2590,921,2333,2038
2590,923,2344,2048
2590,925,2353,2056
2591,927,2364,2065
2590,929,2374,2073
2590,931,2383,2082
2590,932,2394,2091
2590,935,2404,2099
2590,937,2414,2108
2590,939,2425,2117
2590,942,2435,2127
2590,944,2446,2136
2590,945,2455,2144
2590,947,2465,2152
2590,949,2475,2161
2590,952,2485,2170
2589,954,2496,2179
2590,956,2506,2188
2590,958,2516,2197
2590,960,2527,2206
2590,963,2537,2215
2590,964,2546,2223
2590,967,2557,2232
2590,968,2566,2240
2590,971,2576,2249
2590,973,2586,2258
2590,975,2596,2266
2590,977,2607,2275
2589,979,2617,2284
2590,981,2627,2293
2590,983,2636,2300
2590,985,2646,2309
2591,988,2656,2318
2591,989,2666,2326
2590,991,2675,2334